Link,Title,Source,Time,Search Engine,search String
https://www.businesstoday.in/technology/news/story/elon-musks-christmas-eve-miracle-how-he-saved-tesla-from-bankruptcy-398108-2023-09-12&sa=U&ved=2ahUKEwiK3pSuwv6DAxVEXGwGHRq4AJUQxfQBegQIAxAC&usg=AOvVaw1EYO-jHQvH1VlSo94wvXDJ,Elon Musk's Christmas Eve miracle: How he saved Tesla from bankruptcy,Business Today,2023-09-28 03:02:20.589551,google,"tesla bankrupt,car"
https://www.theverge.com/23799325/tesla-elon-musk-land-of-the-giants-podcast-trailer&sa=U&ved=2ahUKEwiK3pSuwv6DAxVEXGwGHRq4AJUQxfQBegQICRAC&usg=AOvVaw3T3B6qk1QjyD8P-jcRNqnV,How Tesla almost went out of business — and then broke the auto industry,The Verge,2023-07-28 03:02:20.589551,google,"tesla bankrupt,car"
https://www.cnbc.com/2023/02/14/tesla-board-member-says-musk-doesnt-mind-bankruptcy-if-a-rival-builds-a-better-car-thats-his-philosophy.html&sa=U&ved=2ahUKEwiK3pSuwv6DAxVEXGwGHRq4AJUQxfQBegQIAhAC&usg=AOvVaw2eXukMb7bmTQDFqCwKi5FR,Tesla board member says Musk doesn't mind bankruptcy if a rival builds a better car: 'That's his philosophy',CNBC,2023-02-28 03:02:20.605172,google,"tesla bankrupt,car"
https://www.barrons.com/articles/tesla-ev-stocks-bankruptcy-auto-df18da8a&sa=U&ved=2ahUKEwiK3pSuwv6DAxVEXGwGHRq4AJUQxfQBegQIARAC&usg=AOvVaw1HP_F23h9-6ioTJwP-3GqM,A New Tesla and EV Bankruptcies. This Analyst Has 9 Auto Predictions for 2024.,Barron's,2023-12-28 03:02:20.605172,google,"tesla bankrupt,car"
https://www.thestreet.com/electric-vehicles/tesla-rival-faces-growing-bankruptcy-risk&sa=U&ved=2ahUKEwiK3pSuwv6DAxVEXGwGHRq4AJUQxfQBegQIBxAC&usg=AOvVaw1R0O3OZGkmiQIjrA0Jg5d5,Tesla rival faces growing bankruptcy risk,TheStreet,2023-12-28 03:02:20.605172,google,"tesla bankrupt,car"
https://fortune.com/2023/09/27/elon-musk-uaw-strike-tesla-gm-ford-stellantis-bankruptcy/&sa=U&ved=2ahUKEwiK3pSuwv6DAxVEXGwGHRq4AJUQxfQBegQICBAC&usg=AOvVaw15S0s6xqvG5Wt_ws_v4NXE,Elon Musk warns UAW demands will put Detroit’s Big Three carmakers in the ‘fast lane’ to bankruptcy,Fortune,2023-09-28 03:02:20.605172,google,"tesla bankrupt,car"
https://tech.hindustantimes.com/tech/news/elon-musk-tweets-about-tesla-going-bankrupt-as-april-fools-joke-story-I99MTe2oB40cHPvO8QoRZI.html&sa=U&ved=2ahUKEwiK3pSuwv6DAxVEXGwGHRq4AJUQxfQBegQIBRAC&usg=AOvVaw1CmccZmHJN_Lb7fWHSZvBK,Elon Musk tweets about Tesla going bankrupt as April Fools’ joke,HT Tech,2023-04-28 03:02:20.605172,google,"tesla bankrupt,car"
https://www.sfgate.com/tech/article/proterra-electric-vehicle-declares-bankruptcy-18286196.php&sa=U&ved=2ahUKEwiK3pSuwv6DAxVEXGwGHRq4AJUQxfQBegQIBhAC&usg=AOvVaw3pKV-nCWsCc08f0oOvuvLN,The Bay Area-based 'Tesla of electric buses' has gone bankrupt,SFGATE,2023-08-28 03:02:20.605172,google,"tesla bankrupt,car"
https://electrek.co/2023/05/17/elon-musk-predicts-companies-will-go-bankrupt/&sa=U&ved=2ahUKEwiK3pSuwv6DAxVEXGwGHRq4AJUQxfQBegQIBBAC&usg=AOvVaw15H6J8zv20PvkdfAaAatoR,"Elon Musk predicts some companies will go bankrupt within 12 months, but which ones?",Electrek,2023-05-28 03:02:20.605172,google,"tesla bankrupt,car"
https://techcrunch.com/2023/07/23/tesla-stock-falls-as-margins-slip-vanmoof-files-for-bankruptcy-and-aurora-sells-820m-worth-of-stock/&sa=U&ved=2ahUKEwiK3pSuwv6DAxVEXGwGHRq4AJUQxfQBegQIABAC&usg=AOvVaw2BjUZvpq_DbrXyDokiDVCG,"Tesla stock falls as margins slip, VanMoof files for bankruptcy, and Aurora sells $820M worth of stock",TechCrunch,2023-07-28 03:02:20.605172,google,"tesla bankrupt,car"
https://www.businesstoday.in/technology/news/story/elon-musks-christmas-eve-miracle-how-he-saved-tesla-from-bankruptcy-398108-2023-09-12&sa=U&ved=2ahUKEwjXu86uwv6DAxX8SmwGHQLFChIQxfQBegQIAhAC&usg=AOvVaw28bfa27fmCrDne_ZpSRJS4,Elon Musk's Christmas Eve miracle: How he saved Tesla from bankruptcy,Business Today,2023-09-28 03:02:21.527994,google,"tesla bankrupt,car"
https://www.theverge.com/23799325/tesla-elon-musk-land-of-the-giants-podcast-trailer&sa=U&ved=2ahUKEwjXu86uwv6DAxX8SmwGHQLFChIQxfQBegQICRAC&usg=AOvVaw3DwhnSTr6GKUtRTnG0vYBT,How Tesla almost went out of business — and then broke the auto industry,The Verge,2023-07-28 03:02:21.527994,google,"tesla bankrupt,car"
https://www.cnbc.com/2023/02/14/tesla-board-member-says-musk-doesnt-mind-bankruptcy-if-a-rival-builds-a-better-car-thats-his-philosophy.html&sa=U&ved=2ahUKEwjXu86uwv6DAxX8SmwGHQLFChIQxfQBegQIBRAC&usg=AOvVaw3WU_j_wv6tAyQ7oxbCEwZm,Tesla board member says Musk doesn't mind bankruptcy if a rival builds a better car: 'That's his philosophy',CNBC,2023-02-28 03:02:21.527994,google,"tesla bankrupt,car"
https://www.barrons.com/articles/tesla-ev-stocks-bankruptcy-auto-df18da8a&sa=U&ved=2ahUKEwjXu86uwv6DAxX8SmwGHQLFChIQxfQBegQIBhAC&usg=AOvVaw3qGIJ7LHjeZ3f6Gk9ZP5u3,A New Tesla and EV Bankruptcies. This Analyst Has 9 Auto Predictions for 2024.,Barron's,2023-12-28 03:02:21.543617,google,"tesla bankrupt,car"
https://www.thestreet.com/electric-vehicles/tesla-rival-faces-growing-bankruptcy-risk&sa=U&ved=2ahUKEwjXu86uwv6DAxX8SmwGHQLFChIQxfQBegQIBxAC&usg=AOvVaw1U2mHsLFScxfXcgedhohQn,Tesla rival faces growing bankruptcy risk,TheStreet,2023-12-28 03:02:21.546260,google,"tesla bankrupt,car"
https://fortune.com/2023/09/27/elon-musk-uaw-strike-tesla-gm-ford-stellantis-bankruptcy/&sa=U&ved=2ahUKEwjXu86uwv6DAxX8SmwGHQLFChIQxfQBegQIABAC&usg=AOvVaw3E9_VkrmYoiSaRos57H5VI,Elon Musk warns UAW demands will put Detroit’s Big Three carmakers in the ‘fast lane’ to bankruptcy,Fortune,2023-09-28 03:02:21.546603,google,"tesla bankrupt,car"
https://tech.hindustantimes.com/tech/news/elon-musk-tweets-about-tesla-going-bankrupt-as-april-fools-joke-story-I99MTe2oB40cHPvO8QoRZI.html&sa=U&ved=2ahUKEwjXu86uwv6DAxX8SmwGHQLFChIQxfQBegQIBBAC&usg=AOvVaw1jLo_GUFeNiCvO1aBDCiq7,Elon Musk tweets about Tesla going bankrupt as April Fools’ joke,HT Tech,2023-04-28 03:02:21.546603,google,"tesla bankrupt,car"
https://www.sfgate.com/tech/article/proterra-electric-vehicle-declares-bankruptcy-18286196.php&sa=U&ved=2ahUKEwjXu86uwv6DAxX8SmwGHQLFChIQxfQBegQIAxAC&usg=AOvVaw1M8ctyOTUlnJQwFooMGFkv,The Bay Area-based 'Tesla of electric buses' has gone bankrupt,SFGATE,2023-08-28 03:02:21.546603,google,"tesla bankrupt,car"
https://electrek.co/2023/05/17/elon-musk-predicts-companies-will-go-bankrupt/&sa=U&ved=2ahUKEwjXu86uwv6DAxX8SmwGHQLFChIQxfQBegQICBAC&usg=AOvVaw3uYDOnd9bAHuJkHdzrGXzq,"Elon Musk predicts some companies will go bankrupt within 12 months, but which ones?",Electrek,2023-05-28 03:02:21.546603,google,"tesla bankrupt,car"
https://techcrunch.com/2023/07/23/tesla-stock-falls-as-margins-slip-vanmoof-files-for-bankruptcy-and-aurora-sells-820m-worth-of-stock/&sa=U&ved=2ahUKEwjXu86uwv6DAxX8SmwGHQLFChIQxfQBegQIARAC&usg=AOvVaw1El8fj4lJyG9DUPNi1cEAC,"Tesla stock falls as margins slip, VanMoof files for bankruptcy, and Aurora sells $820M worth of stock",TechCrunch,2023-07-28 03:02:21.546603,google,"tesla bankrupt,car"
https://www.yahoo.com/finance/news/musk-says-teslas-car-factories-185317108.html?fr=sycsrp_catchall,Musk says Tesla's new car factories 'losing billions of dollars',Reuters via Yahoo News,2022-01-28 03:02:23.113131,Yahoo,"tesla bankrupt,car"
https://www.yahoo.com/lifestyle/3-mysterious-2010-tesla-roadsters-202744832.html?fr=sycsrp_catchall,3 Mysterious 2010 Tesla Roadsters Were Abandoned in China. Now They Could Fetch Over $2 Million at...,Robb Report via Yahoo News,2023-05-28 03:02:23.129366,Yahoo,"tesla bankrupt,car"
https://finance.yahoo.com/news/tesla-debt-masterclass-auto-industry-161002631.html?fr=sycsrp_catchall,Tesla and Debt: A Masterclass for the Auto Industry,GuruFocus.com via Yahoo Finance,2023-02-28 03:02:23.130135,Yahoo,"tesla bankrupt,car"
https://finance.yahoo.com/news/elon-musk-says-tesla-rivals-181021754.html?fr=sycsrp_catchall,Elon Musk says Tesla rivals Rivan and Lucid are doomed if they don't cut costs,Business Insider via Yahoo Finance,2022-01-28 03:02:23.130135,Yahoo,"tesla bankrupt,car"
https://autos.yahoo.com/tesla-workers-theyd-never-unionized-083001157.html,"Some Tesla workers say they'd never work in a unionized factory, even as Ford and GM workers are set...",INSIDER via Yahoo News,2023-10-28 03:02:23.130135,Yahoo,"tesla bankrupt,car"
https://news.yahoo.com/elon-musk-says-teslas-factories-204300675.html?fr=sycsrp_catchall,Elon Musk says Tesla's new factories are 'gigantic money furnaces' that are losing billions of...,Business Insider via Yahoo News,2022-01-28 03:02:23.130135,Yahoo,"tesla bankrupt,car"
https://www.barrons.com/articles/tesla-massive-recall-three-charts-d44e039a?siteid=yhoof2&yptr=yahoo,Tesla’s Massive Recall Explained in Three Charts,Barrons.com,2023-12-28 03:02:23.130135,Yahoo,"tesla bankrupt,car"
https://autos.yahoo.com/ford-ceo-says-tesla-having-090001253.html,Ford CEO says Tesla is having a Model T moment — it's Elon Musk's 'next big test',INSIDER via Yahoo News,2023-07-28 03:02:23.130135,Yahoo,"tesla bankrupt,car"
https://www.fool.com/investing/2022/04/27/heres-what-tesla-bears-miss-about-its-future/?source=eptyholnk0000202&utm_source=yahoo-host&utm_medium=feed&utm_campaign=article&yptr=yahoo,Here's What Tesla Bears Miss About Its Future,Motley Fool,2022-01-28 03:02:23.130135,Yahoo,"tesla bankrupt,car"
https://finance.yahoo.com/news/elon-musk-says-rivian-lucid-141545538.html?fr=sycsrp_catchall,Elon Musk Says Rivian and Lucid are Heading Toward Bankruptcy — Could He Be Right?,GOBankingRates via Yahoo Finance,2022-01-28 03:02:23.130135,Yahoo,"tesla bankrupt,car"
https://www.yahoo.com/finance/news/musk-says-teslas-car-factories-185317108.html?fr=sycsrp_catchall,Musk says Tesla's new car factories 'losing billions of dollars',Reuters via Yahoo News,2022-01-28 03:02:24.680629,Yahoo,"tesla bankrupt,car"
https://www.yahoo.com/lifestyle/3-mysterious-2010-tesla-roadsters-202744832.html?fr=sycsrp_catchall,3 Mysterious 2010 Tesla Roadsters Were Abandoned in China. Now They Could Fetch Over $2 Million at...,Robb Report via Yahoo News,2023-05-28 03:02:24.680629,Yahoo,"tesla bankrupt,car"
https://finance.yahoo.com/news/tesla-debt-masterclass-auto-industry-161002631.html?fr=sycsrp_catchall,Tesla and Debt: A Masterclass for the Auto Industry,GuruFocus.com via Yahoo Finance,2023-02-28 03:02:24.680629,Yahoo,"tesla bankrupt,car"
https://finance.yahoo.com/news/elon-musk-says-tesla-rivals-181021754.html?fr=sycsrp_catchall,Elon Musk says Tesla rivals Rivan and Lucid are doomed if they don't cut costs,Business Insider via Yahoo Finance,2022-01-28 03:02:24.680629,Yahoo,"tesla bankrupt,car"
https://www.fool.com/investing/2023/04/21/tesla-stock-why-the-market-has-got-it-all-wrong/?source=eptyholnk0000202&utm_source=yahoo-host&utm_medium=feed&utm_campaign=article&yptr=yahoo,Tesla Stock: Why the Market Has Got It All Wrong,Motley Fool,2023-04-28 03:02:24.695725,Yahoo,"tesla bankrupt,car"
https://autos.yahoo.com/tesla-workers-theyd-never-unionized-083001157.html,"Some Tesla workers say they'd never work in a unionized factory, even as Ford and GM workers are set...",INSIDER via Yahoo News,2023-10-28 03:02:24.696725,Yahoo,"tesla bankrupt,car"
https://news.yahoo.com/elon-musk-says-teslas-factories-204300675.html?fr=sycsrp_catchall,Elon Musk says Tesla's new factories are 'gigantic money furnaces' that are losing billions of...,Business Insider via Yahoo News,2022-01-28 03:02:24.696725,Yahoo,"tesla bankrupt,car"
https://www.barrons.com/articles/tesla-massive-recall-three-charts-d44e039a?siteid=yhoof2&yptr=yahoo,Tesla’s Massive Recall Explained in Three Charts,Barrons.com,2023-12-28 03:02:24.696725,Yahoo,"tesla bankrupt,car"
https://autos.yahoo.com/ford-ceo-says-tesla-having-090001253.html,Ford CEO says Tesla is having a Model T moment — it's Elon Musk's 'next big test',INSIDER via Yahoo News,2023-07-28 03:02:24.696725,Yahoo,"tesla bankrupt,car"
https://www.fool.com/investing/2022/04/27/heres-what-tesla-bears-miss-about-its-future/?source=eptyholnk0000202&utm_source=yahoo-host&utm_medium=feed&utm_campaign=article&yptr=yahoo,Here's What Tesla Bears Miss About Its Future,Motley Fool,2022-01-28 03:02:24.696725,Yahoo,"tesla bankrupt,car"
https://www.newsday.com/long-island/suffolk/tesla-fire-blaze-tahoe-chevy-r44jfakq,"Fire consumes Tesla, spreads to adjacent vehicle, building in Lindenhurst",Newsday,2024-01-12 03:02:25.897052,Bing,"tesla bankrupt,car"
https://www.aol.com/finance/simply-awful-business-e-scooter-110000730.html,‘A simply awful business’: This e-scooter company went from $2B to bankrupt in two years,AOL,2024-01-18 03:02:25.897052,Bing,"tesla bankrupt,car"
https://www.businessobserverfl.com/news/2024/jan/17/why-hertz-cut-electronic-vehicle-fleet/,A look at why Hertz plans to cut a third of its EV fleet,Business Observer,2024-01-18 03:02:25.897052,Bing,"tesla bankrupt,car"
https://www.msn.com/en-us/autos/other/what-full-scale-electrification-really-means-for-the-future-of-sports-cars/ar-AA17dX2T,What Full-Scale Electrification Really Means For The Future Of Sports Cars,TopSpeed on MSN,2024-11-27 00:00:00.000000,Bing,"tesla bankrupt,car"
https://www.msn.com/en-ie/cars/news/the-cars-that-helped-save-the-company/ss-AA1mTCIu,The cars that helped save the company,MSN,2024-01-14 03:02:25.897052,Bing,"tesla bankrupt,car"
https://www.msn.com/en-us/money/markets/play-the-ev-winter-now-to-profit-when-it-thaws/ar-AA1n8P7Y,Play the EV Winter Now to Profit When it Thaws,Investorplace News on MSN,2024-01-27 03:02:25.897052,Bing,"tesla bankrupt,car"
https://www.msn.com/en-us/money/companies/road-to-big-profits-the-3-best-automaker-stocks-to-buy-for-2024/ar-AA1m1lqS,Road to Big Profits: The 3 Best Automaker Stocks to Buy for 2024,InvestorPlace on MSN,2024-01-27 00:00:00.000000,Bing,"tesla bankrupt,car"
https://www.msn.com/en-us/money/companies/real-american-appoints-willem-jonker-as-cfo-and-director/ar-AA1ncsd9,Real American appoints Willem Jonker as CFO and Director,Seeking Alpha on MSN,2024-01-20 03:02:25.897052,Bing,"tesla bankrupt,car"
https://www.msn.com/en-us/news/world/vw-passenger-cars-does-not-expect-significant-production-impact-from-red-sea-attacks/ar-AA1mTsC8,VW passenger cars does not expect 'significant' production impact from Red Sea attacks,Reuters on MSN,2024-01-13 03:02:25.897052,Bing,"tesla bankrupt,car"
https://msn.com/en-us/news/nextdoor/today-is-the-final-day-for-pre-orders-on-girl-scout-cookies/ar-NDAtJmNBzWjzfyw,Today is the final day for pre orders on Girl Scout cookies.,MSN,2024-01-27 03:02:25.897052,Bing,"tesla bankrupt,car"
https://www.wired.com/story/elon-musk-says-cheaper-tesla-coming-2025/,Elon Musk Says a Cheaper Tesla Model Is Coming in 2025 as Chinese Competition Intensifies,Wired,2024-01-26 03:02:26.896574,Bing,"tesla bankrupt,car"
https://www.msn.com/en-us/lifestyle/shopping/tesla-s-tech-rival-apple-updates-its-plan-for-an-electric-car/ar-BB1hgbhq,Tesla faces new EV battle from a richer rival,TheStreet.com on MSN,2024-01-27 03:02:26.896574,Bing,"tesla bankrupt,car"
https://seekingalpha.com/article/4664930-tesla-2024-started-badly-and-may-end-worse,Tesla Q4: 2024 Started Badly And May End Worse,Seeking Alpha,2024-01-26 03:02:26.896574,Bing,"tesla bankrupt,car"
https://energy.economictimes.indiatimes.com/news/power/electric-vehicles-are-cheaper-than-ever-thats-bad-for-ev-owners/106913552,Electric vehicles are cheaper than ever. That’s bad for EV owners,energy.economictimes.indiatimes,2024-01-18 03:02:26.896574,Bing,"tesla bankrupt,car"
https://www.coinspeaker.com/tesla-incs-q4-2023-earnings-bitcoin/,Tesla Q4 2023 Earning Report Shows No Sales or Purchases of Bitcoin,coinspeaker,2024-01-26 03:02:26.896574,Bing,"tesla bankrupt,car"
https://finance.yahoo.com/news/tesla-prepares-investors-gap-171408466.html,Tesla Prepares Investors For Its Gap Year,YAHOO!Finance,2024-01-25 03:02:26.896574,Bing,"tesla bankrupt,car"
https://www.cardekho.com/cars/Tesla,Tesla Cars,CarDekho,2024-02-27 00:00:00.000000,Bing,"tesla bankrupt,car"
https://www.msn.com/en-sg/lifestyle/shopping/byd-vs-tesla-which-ev-maker-has-the-edge/ar-AA1mYJ0t,BYD vs Tesla: Which of the EV makers led by Wang Chuanfu and Elon Musk is better?,Augustman on MSN,2024-01-16 03:02:26.896574,Bing,"tesla bankrupt,car"
https://www.msn.com/en-us/money/savingandinvesting/western-ev-makers-underestimated-the-threat-from-chinese-rivals-like-tesla-slayer-byd-there-was-a-view-that-it-would-only-be-game-of-thrones-battles-within-china/ar-BB1hl3id,Western EV makers underestimated the threat from Chinese rivals like Tesla-slayer BYD: ‘There was a view that it would only be Game of Thrones battles within China’,Fortune on MSN,2024-01-27 15:02:26.896574,Bing,"tesla bankrupt,car"
https://www.livemint.com/market/live-blog/indian-railway-finance-corporation-share-price-live-blog-for-25-jan-2024-11706150661604.html&sa=U&ved=2ahUKEwjvzNCxwv6DAxWARmwGHXdxBpEQxfQBegQIBhAC&usg=AOvVaw0a1mol0Uakn4g9bP7FXo8u,"Indian Railway Finance Corporation share price Today Live Updates : Indian Railway Finance Corporation closed today at ₹173.94, up 1.21% from yesterday's ₹171.86 | Mint",Mint,2024-01-26 03:02:27.896409,google,"tesla today,IRFC share"
https://www.maharashtranama.com/money-control/railtel-share-price-nse-live-27-january-2024/&sa=U&ved=2ahUKEwjvzNCxwv6DAxWARmwGHXdxBpEQxfQBegQIBRAC&usg=AOvVaw1VFvptkGWZinWZDU5z6nei,"RailTel Share Price | IRFC ते RVNL आणि RailTel शेअर्स तुफान तेजीत, कोणता रेल्वे शेअर अधिक फायद्याचा ठरेल?",MaharashtraNama,2024-01-27 18:02:27.896409,google,"tesla today,IRFC share"
https://m.economictimes.com/markets/stocks/news/irfc-bharti-airtel-among-6-largecap-stocks-that-outperformed-nifty50/beating-benchmarks/slideshow/107141674.cms&sa=U&ved=2ahUKEwjvzNCxwv6DAxWARmwGHXdxBpEQxfQBegQIAhAC&usg=AOvVaw07impYXyHQDsjtwKo7ZOPT,"IRFC, Bharti Airtel among 6 largecap stocks that outperformed Nifty50 - Beating Benchmarks",The Economic Times,2024-01-26 03:02:27.896409,google,"tesla today,IRFC share"
https://www.etnownews.com/web-stories/irfc-shares-in-mutual-fund-schemes-top-5-mfs-invested-in-multibagger-railway-stock/photostory/107169051.cms&sa=U&ved=2ahUKEwjvzNCxwv6DAxWARmwGHXdxBpEQxfQBegQIBBAC&usg=AOvVaw3voygIr2fAcjI-3ihDI8fZ,IRFC shares in mutual fund schemes: TOP 5 MFs invested in multibagger railway stock,etnownews.com,2024-01-27 03:02:27.896409,google,"tesla today,IRFC share"
https://mintgenie.livemint.com/news/markets/indian-railway-finance-corporation-share-price-live-blog-for-25-jan-2024-151706150497431&sa=U&ved=2ahUKEwjvzNCxwv6DAxWARmwGHXdxBpEQxfQBegQIABAC&usg=AOvVaw0XJcrse4CE6e2T6BLRccgM,Indian Railway Finance Corporation share price Today Live Updates : Indian,Mint Genie,2024-01-26 03:02:27.896409,google,"tesla today,IRFC share"
https://m.timesofindia.com/business/india-business/railway-stocks-tank-by-up-to-16-as-investors-book-profits-check-which-stocks-saw-biggest-decline/articleshow/107080424.cms&sa=U&ved=2ahUKEwjvzNCxwv6DAxWARmwGHXdxBpEQxfQBegQIAxAC&usg=AOvVaw3zY95Zzw0FQLpfC2ExBKm7,Railway stocks tank by up to 16% as investors book profits - check which stocks saw biggest decline,timesofindia,2024-01-24 03:02:27.912185,google,"tesla today,IRFC share"
https://m.economictimes.com/markets/stocks/news/technical-breakout-stocks-how-to-trade-irfc-macrotech-developers-and-firstsource-solutions-on-monday/articleshow/106818968.cms&sa=U&ved=2ahUKEwjvzNCxwv6DAxWARmwGHXdxBpEQxfQBegQIBxAC&usg=AOvVaw0Rs98R9y8PwJDBn97Tvq_5,"Technical Breakout Stocks: How to trade IRFC, Macrotech Developers and Firstsource Solutions on Monday?",The Economic Times,2024-01-14 03:02:27.913081,google,"tesla today,IRFC share"
https://www.businesstoday.in/markets/stock-picks/story/ifci-irfc-zee-yes-bank-ireda-shares-rally-up-to-17-amid-high-volumes-hdfc-bank-leads-turnover-chart-414660-2024-01-24&sa=U&ved=2ahUKEwjvzNCxwv6DAxWARmwGHXdxBpEQxfQBegQIARAC&usg=AOvVaw0kXeFoBJU_aaLxwLmxlh0M,"IFCI, IRFC, ZEE, YES Bank, IREDA shares rally up to 17% amid high volumes; HDFC Bank leads turnover chart",Business Today,2024-01-25 03:02:27.913081,google,"tesla today,IRFC share"
https://www.livemint.com/market/live-blog/indian-railway-finance-corporation-share-price-live-blog-for-25-jan-2024-11706150661604.html&sa=U&ved=2ahUKEwj36Yyywv6DAxXdcmwGHUeqC6kQxfQBegQIAxAC&usg=AOvVaw133SVt6KHreF5z92aK5HuJ,"Indian Railway Finance Corporation share price Today Live Updates : Indian Railway Finance Corporation closed today at ₹173.94, up 1.21% from yesterday's ₹171.86 | Mint",Mint,2024-01-26 03:02:28.880333,google,"tesla today,IRFC share"
https://www.maharashtranama.com/money-control/railtel-share-price-nse-live-27-january-2024/&sa=U&ved=2ahUKEwj36Yyywv6DAxXdcmwGHUeqC6kQxfQBegQIBBAC&usg=AOvVaw337Y5CegV9R1c75AqjeeXf,"RailTel Share Price | IRFC ते RVNL आणि RailTel शेअर्स तुफान तेजीत, कोणता रेल्वे शेअर अधिक फायद्याचा ठरेल?",MaharashtraNama,2024-01-27 18:02:28.880333,google,"tesla today,IRFC share"
https://m.economictimes.com/markets/stocks/news/irfc-bharti-airtel-among-6-largecap-stocks-that-outperformed-nifty50/beating-benchmarks/slideshow/107141674.cms&sa=U&ved=2ahUKEwj36Yyywv6DAxXdcmwGHUeqC6kQxfQBegQIABAC&usg=AOvVaw0cqys59nWiM-HIHi1JNb9b,"IRFC, Bharti Airtel among 6 largecap stocks that outperformed Nifty50 - Beating Benchmarks",The Economic Times,2024-01-26 03:02:28.880333,google,"tesla today,IRFC share"
https://www.etnownews.com/web-stories/irfc-shares-in-mutual-fund-schemes-top-5-mfs-invested-in-multibagger-railway-stock/photostory/107169051.cms&sa=U&ved=2ahUKEwj36Yyywv6DAxXdcmwGHUeqC6kQxfQBegQIBxAC&usg=AOvVaw3svwaegJksXL_ucL9u0WS-,IRFC shares in mutual fund schemes: TOP 5 MFs invested in multibagger railway stock,etnownews.com,2024-01-27 03:02:28.880333,google,"tesla today,IRFC share"
https://mintgenie.livemint.com/news/markets/indian-railway-finance-corporation-share-price-live-blog-for-25-jan-2024-151706150497431&sa=U&ved=2ahUKEwj36Yyywv6DAxXdcmwGHUeqC6kQxfQBegQIBRAC&usg=AOvVaw1PrTgvBgue7XBjxOTTzSEL,Indian Railway Finance Corporation share price Today Live Updates : Indian,Mint Genie,2024-01-26 03:02:28.880333,google,"tesla today,IRFC share"
https://m.timesofindia.com/business/india-business/railway-stocks-tank-by-up-to-16-as-investors-book-profits-check-which-stocks-saw-biggest-decline/articleshow/107080424.cms&sa=U&ved=2ahUKEwj36Yyywv6DAxXdcmwGHUeqC6kQxfQBegQIARAC&usg=AOvVaw2FJSLHoF2N0EJqHWaK0K96,Railway stocks tank by up to 16% as investors book profits - check which stocks saw biggest decline,timesofindia,2024-01-24 03:02:28.880333,google,"tesla today,IRFC share"
https://m.economictimes.com/markets/stocks/news/technical-breakout-stocks-how-to-trade-irfc-macrotech-developers-and-firstsource-solutions-on-monday/articleshow/106818968.cms&sa=U&ved=2ahUKEwj36Yyywv6DAxXdcmwGHUeqC6kQxfQBegQIAhAC&usg=AOvVaw1ywi7yURRo5HNFEXlHRdSf,"Technical Breakout Stocks: How to trade IRFC, Macrotech Developers and Firstsource Solutions on Monday?",The Economic Times,2024-01-14 03:02:28.880333,google,"tesla today,IRFC share"
https://www.businesstoday.in/markets/stock-picks/story/ifci-irfc-zee-yes-bank-ireda-shares-rally-up-to-17-amid-high-volumes-hdfc-bank-leads-turnover-chart-414660-2024-01-24&sa=U&ved=2ahUKEwj36Yyywv6DAxXdcmwGHUeqC6kQxfQBegQIBhAC&usg=AOvVaw2sxekn28fXRD9WwwjG0KqX,"IFCI, IRFC, ZEE, YES Bank, IREDA shares rally up to 17% amid high volumes; HDFC Bank leads turnover chart",Business Today,2024-01-25 03:02:28.880333,google,"tesla today,IRFC share"
https://www.livemint.com/companies/news/tesla-gets-a-94-billion-reality-check-as-ev-winter-sets-in-11705166318008.html,Tesla gets a $94 billion reality check as EV winter sets in,Mint,2024-01-15 03:02:33.246127,Bing,"tesla today,IRFC share"
https://timesofindia.indiatimes.com/city/ahmedabad/talks-with-tesla-ongoing-rajput-latest-news/articleshow/106587710.cms,Talks with Tesla ongoing: Rajput,Indiatimes,2024-01-07 03:02:33.246127,Bing,"tesla today,IRFC share"
https://in.investing.com/news/tesla-recalls-over-4k-vehicles-due-to-software-issue-3981676,Tesla recalls over 4K vehicles due to software issue,Investing,2024-01-22 03:02:33.246127,Bing,"tesla today,IRFC share"
https://www.livemint.com/auto-news/tesla-falls-behind-byd-in-quarterly-ev-sales-as-growth-slows-11704205107249.html,Tesla Vs BYD: Tesla loses EV crown to Chinese automaker,Mint,2024-01-04 03:02:33.246127,Bing,"tesla today,IRFC share"
https://auto.economictimes.indiatimes.com/news/passenger-vehicle/tesla-new-car-registrations-in-sweden-rose-9-in-dec/106483873,Tesla new car registrations in Sweden rose 9% in Dec,ET Auto,2024-01-03 03:02:33.246127,Bing,"tesla today,IRFC share"
https://www.livemint.com/news/trends/tesla-suv-spotted-in-bengaluru-traffic-netizens-say-did-no-one-break-the-glass-11704094599725.html,"Tesla SUV spotted in Bengaluru traffic; netizens ask, ‘Did no one break the glass?’",Mint,2024-01-02 03:02:33.246127,Bing,"tesla today,IRFC share"
https://www.businesstoday.in/latest/trends/story/tesla-car-spotted-on-bengaluru-roads-pictures-go-viral-411451-2024-01-01,Tesla car spotted on Bengaluru roads; pictures go viral,Business Today,2024-01-02 03:02:33.261701,Bing,"tesla today,IRFC share"
https://timesofindia.indiatimes.com/gadgets-news/when-tesla-robot-attacked-an-engineer-at-the-companys-texas-factory/articleshow/106320279.cms,"Tesla robot attacked worker says report, Elon Musk terms it 'absurd'",Indiatimes,2024-01-27 00:00:00.000000,Bing,"tesla today,IRFC share"
https://www.hindustantimes.com/cities/bengaluru-news/tesla-car-spotted-on-bengaluru-roads-sparks-buzz-on-social-media-101704086139187.html,"Tesla car spotted on Bengaluru roads, sparks buzz on social media",Hindustan Times,2024-01-02 03:02:33.263255,Bing,"tesla today,IRFC share"
https://www.livemint.com/technology/tech-news/tesla-robot-elon-musk-software-engineer-factory-safety-factory-risks-tesla-factory-in-texas-latest-technology-news-11703739267149.html,"Tesla robot attacks engineer, pressure for ‘swift production’ led to safety compromises: Report",Mint,2024-01-27 00:00:00.000000,Bing,"tesla today,IRFC share"
https://auto.economictimes.indiatimes.com/news/passenger-vehicle/will-tesla-be-able-to-produce-a-rs-20-lakh-ev-for-indian-masses/106402038,Will Tesla be able to produce a INR 20 lakh EV for Indian masses?,ET Auto,2024-01-01 03:02:34.114553,Bing,"tesla today,IRFC share"
https://www.hindustantimes.com/world-news/tesla-is-raising-factory-worker-pay-as-auto-union-tries-to-organize-its-electric-vehicle-plants-101705006111940.html,Tesla is raising factory worker pay as auto union tries to organize its electric vehicle plants,Hindustan Times,2024-01-13 03:02:34.114553,Bing,"tesla today,IRFC share"
https://www.outlookindia.com/business-spotlight/a-closer-look-at-tesla-medbeds-news-264932,A Closer Look At Tesla MedBeds,Outlookindia,2024-11-27 00:00:00.000000,Bing,"tesla today,IRFC share"
https://timesofindia.indiatimes.com/auto/news/tesla-byd-volkswagen-lead-global-bev-sales-boom-byd-poised-to-overtake-tesla/articleshow/106097036.cms,"Tesla, BYD, Volkswagen lead global BEV sales boom, BYD poised to overtake Tesla",Indiatimes,2024-01-27 00:00:00.000000,Bing,"tesla today,IRFC share"
https://www.livemint.com/news/india/elon-musks-tesla-to-set-up-its-first-india-factory-in-gujarat-announcement-during-vibrant-gujarat-summit-2024-sanand-11703754209157.html,"Elon Musk's Tesla to set up its first India factory in Gujarat, announcement likely during Vibrant Gujarat event",Mint,2024-01-27 00:00:00.000000,Bing,"tesla today,IRFC share"
https://timesofindia.indiatimes.com/gadgets-news/elon-musk-calls-media-reporting-over-robot-attacks-in-tesla-factory-shameful-heres-why/articleshow/106353309.cms,"Elon Musk calls media reporting over robot attacks in Tesla factory ""shameful"", here's why",Indiatimes,2023-12-30 03:02:34.114553,Bing,"tesla today,IRFC share"
https://timesofindia.indiatimes.com/gadgets-news/xiaomis-first-electric-car-claims-to-have-better-tech-than-tesla/articleshow/106394368.cms,Xiaomi's first electric car claims to have 'better' tech than Tesla,Indiatimes,2023-12-31 03:02:34.114553,Bing,"tesla today,IRFC share"
https://www.livemint.com/companies/news/tesla-sees-china-made-ev-sales-grow-68-7-year-on-year-in-december-11704271553487.html,Tesla sees China-made EV sales grow 68.7% year on year in December,Mint,2024-01-04 03:02:34.114553,Bing,"tesla today,IRFC share"
https://www.gizbot.com/internet/news/tesla-model-x-spotted-on-bengaluru-streets-gen-089719.html,Tesla Model X Spotted in Bengaluru: Will Tesla Launch in India?,GIZBOT,2024-01-04 03:02:34.129527,Bing,"tesla today,IRFC share"
https://www.livemint.com/auto-news/ford-ceo-says-company-can-go-bankrupt-if-responding-to-workers-strike-for-better-pay-11694750165235.html&sa=U&ved=2ahUKEwjzg4q1wv6DAxUObGwGHVvaB_8QxfQBegQIAhAC&usg=AOvVaw3Qbz5K6uM5UtvoD2DHTHP5,Ford CEO says company ‘can go bankrupt if…’ responding to workers strike for better pay | Mint,Mint,2023-09-28 03:02:35.062419,google,"Share market bankrupt,car"
https://www.forbes.com/sites/dereksaul/2023/12/27/the-best-performing-us-stock-of-2023-was-left-for-dead-after-the-pandemic/&sa=U&ved=2ahUKEwjzg4q1wv6DAxUObGwGHVvaB_8QxfQBegQICRAC&usg=AOvVaw3aVEkxAi4-8kKBVEEmbsBw,The Best Performing U.S. Stock Of 2023 Was Left For Dead After The Pandemic,Forbes,2023-12-28 03:02:35.062419,google,"Share market bankrupt,car"
https://news.sky.com/story/electric-van-maker-arrival-lurches-closer-to-insolvency-13054073&sa=U&ved=2ahUKEwjzg4q1wv6DAxUObGwGHVvaB_8QxfQBegQIAxAC&usg=AOvVaw1MSkls0KqfWdqJkpcvewOu,Electric van maker Arrival lurches closer to insolvency,Sky News,2024-01-23 03:02:35.075967,google,"Share market bankrupt,car"
https://money.usnews.com/investing/stock-market-news/slideshows/covid-bankrupt-companies&sa=U&ved=2ahUKEwjzg4q1wv6DAxUObGwGHVvaB_8QxfQBegQIBxAC&usg=AOvVaw0I1S58w9mKvAY77fU9A_cq,7 Companies That Went Bankrupt Due to COVID | Stock Market News | U.S. News,US News Money,2023-05-28 03:02:35.079312,google,"Share market bankrupt,car"
https://indianexpress.com/article/entertainment/television/shark-tank-india-2-amit-jain-car-dekho-fame-friends-fighting-bankruptcy-8431093/&sa=U&ved=2ahUKEwjzg4q1wv6DAxUObGwGHVvaB_8QxfQBegQICBAC&usg=AOvVaw3M8Pny4KSo2HgCGfKmwZYP,"Shark Tank India 2’s Amit Jain says he went bankrupt, lost money in share market: ‘But I had my brains and hands…’",The Indian Express,2023-02-28 03:02:35.079312,google,"Share market bankrupt,car"
https://cleantechnica.com/2023/10/13/chinese-ev-startup-wm-files-for-bankruptcy/&sa=U&ved=2ahUKEwjzg4q1wv6DAxUObGwGHVvaB_8QxfQBegQIARAC&usg=AOvVaw1r-ZidDejn8lJmj3UC2cbS,Chinese EV Startup WM Files for Bankruptcy,CleanTechnica,2023-10-28 03:02:35.079312,google,"Share market bankrupt,car"
https://www.livemint.com/companies/news/natural-gas-pioneer-puts-investment-vehicle-into-bankruptcy-to-protect-ranch-other-assets-11690603322305.html&sa=U&ved=2ahUKEwjzg4q1wv6DAxUObGwGHVvaB_8QxfQBegQIBRAC&usg=AOvVaw0sDy_kGx2hR4SDughWHp_l,"Natural Gas Pioneer Puts Investment Vehicle Into Bankruptcy to Protect Ranch, Other Assets | Mint",Mint,2023-08-28 03:02:35.079312,google,"Share market bankrupt,car"
https://techcrunch.com/2023/10/10/wm-motors-bankruptcy-highlights-challenges-faced-by-ev-startups-in-china/&sa=U&ved=2ahUKEwjzg4q1wv6DAxUObGwGHVvaB_8QxfQBegQIBBAC&usg=AOvVaw1TRBvFdpncmnHLopYmMjYw,WM Motor’s bankruptcy highlights challenges faced by EV startups in China,TechCrunch,2023-10-28 03:02:35.079312,google,"Share market bankrupt,car"
https://www.thestreet.com/technology/who-will-be-the-next-tesla-killer-to-go-bankrupt&sa=U&ved=2ahUKEwjzg4q1wv6DAxUObGwGHVvaB_8QxfQBegQIBhAC&usg=AOvVaw2CEfhwZsLTtBdcohU3nYWb,Which Tesla Killer Will Be Next to Go Bankrupt?,TheStreet,2023-07-28 03:02:35.079312,google,"Share market bankrupt,car"
https://www.moneycontrol.com/news/trends/shark-tank-india-amit-jain-lost-more-than-rs-1-5-crore-shares-bankrupt-10089641.html&sa=U&ved=2ahUKEwjzg4q1wv6DAxUObGwGHVvaB_8QxfQBegQIABAC&usg=AOvVaw2SfjY7rhnSeK2J97PAFbNb,"Shark Tank India's Amit Jain: 'Lost more than Rs 1.5 crore on shares, was bankrupt...'",Moneycontrol,2023-02-28 03:02:35.079312,google,"Share market bankrupt,car"
https://www.livemint.com/auto-news/ford-ceo-says-company-can-go-bankrupt-if-responding-to-workers-strike-for-better-pay-11694750165235.html&sa=U&ved=2ahUKEwi32cS1wv6DAxVVamwGHQL_CykQxfQBegQICBAC&usg=AOvVaw1cS-I6mfP87vhLIcFC5UBQ,Ford CEO says company ‘can go bankrupt if…’ responding to workers strike for better pay | Mint,Mint,2023-09-28 03:02:36.029164,google,"Share market bankrupt,car"
https://www.forbes.com/sites/dereksaul/2023/12/27/the-best-performing-us-stock-of-2023-was-left-for-dead-after-the-pandemic/&sa=U&ved=2ahUKEwi32cS1wv6DAxVVamwGHQL_CykQxfQBegQICRAC&usg=AOvVaw2YJ4s8dsJ9KHsdWco8aoA9,The Best Performing U.S. Stock Of 2023 Was Left For Dead After The Pandemic,Forbes,2023-12-28 03:02:36.029164,google,"Share market bankrupt,car"
https://news.sky.com/story/electric-van-maker-arrival-lurches-closer-to-insolvency-13054073&sa=U&ved=2ahUKEwi32cS1wv6DAxVVamwGHQL_CykQxfQBegQIBBAC&usg=AOvVaw39QvH5KMCqq6aAMXTVREvV,Electric van maker Arrival lurches closer to insolvency,Sky News,2024-01-23 03:02:36.029164,google,"Share market bankrupt,car"
https://money.usnews.com/investing/stock-market-news/slideshows/covid-bankrupt-companies&sa=U&ved=2ahUKEwi32cS1wv6DAxVVamwGHQL_CykQxfQBegQIBhAC&usg=AOvVaw2xpBKQsWkO4kLs42MnWKHN,7 Companies That Went Bankrupt Due to COVID | Stock Market News | U.S. News,US News Money,2023-05-28 03:02:36.029164,google,"Share market bankrupt,car"
https://indianexpress.com/article/entertainment/television/shark-tank-india-2-amit-jain-car-dekho-fame-friends-fighting-bankruptcy-8431093/&sa=U&ved=2ahUKEwi32cS1wv6DAxVVamwGHQL_CykQxfQBegQIBxAC&usg=AOvVaw3KuWJEm4tYGuErmQ9lG3qw,"Shark Tank India 2’s Amit Jain says he went bankrupt, lost money in share market: ‘But I had my brains and hands…’",The Indian Express,2023-02-28 03:02:36.029164,google,"Share market bankrupt,car"
https://cleantechnica.com/2023/10/13/chinese-ev-startup-wm-files-for-bankruptcy/&sa=U&ved=2ahUKEwi32cS1wv6DAxVVamwGHQL_CykQxfQBegQIAhAC&usg=AOvVaw1s5_nMDQ-yBHtJlK3UTH_L,Chinese EV Startup WM Files for Bankruptcy,CleanTechnica,2023-10-28 03:02:36.029164,google,"Share market bankrupt,car"
https://www.livemint.com/companies/news/natural-gas-pioneer-puts-investment-vehicle-into-bankruptcy-to-protect-ranch-other-assets-11690603322305.html&sa=U&ved=2ahUKEwi32cS1wv6DAxVVamwGHQL_CykQxfQBegQIBRAC&usg=AOvVaw3M61EbMoLfR7Vzseaban2P,"Natural Gas Pioneer Puts Investment Vehicle Into Bankruptcy to Protect Ranch, Other Assets | Mint",Mint,2023-08-28 03:02:36.029164,google,"Share market bankrupt,car"
https://techcrunch.com/2023/10/10/wm-motors-bankruptcy-highlights-challenges-faced-by-ev-startups-in-china/&sa=U&ved=2ahUKEwi32cS1wv6DAxVVamwGHQL_CykQxfQBegQIABAC&usg=AOvVaw2Rp1Fp13T9sTsZE1q0dfxc,WM Motor’s bankruptcy highlights challenges faced by EV startups in China,TechCrunch,2023-10-28 03:02:36.029164,google,"Share market bankrupt,car"
https://www.thestreet.com/technology/who-will-be-the-next-tesla-killer-to-go-bankrupt&sa=U&ved=2ahUKEwi32cS1wv6DAxVVamwGHQL_CykQxfQBegQIAxAC&usg=AOvVaw2WPTL12-_G8vA_iEN9_ETz,Which Tesla Killer Will Be Next to Go Bankrupt?,TheStreet,2023-07-28 03:02:36.029164,google,"Share market bankrupt,car"
https://www.moneycontrol.com/news/trends/shark-tank-india-amit-jain-lost-more-than-rs-1-5-crore-shares-bankrupt-10089641.html&sa=U&ved=2ahUKEwi32cS1wv6DAxVVamwGHQL_CykQxfQBegQIARAC&usg=AOvVaw0iP2Hv-zlnLf6qFYwIwqCu,"Shark Tank India's Amit Jain: 'Lost more than Rs 1.5 crore on shares, was bankrupt...'",Moneycontrol,2023-02-28 03:02:36.029164,google,"Share market bankrupt,car"
https://www.fool.com/investing/2022/06/25/dont-buy-revlon-heres-a-much-better-high-risk-high/?source=eptyholnk0000202&utm_source=yahoo-host&utm_medium=feed&utm_campaign=article&yptr=yahoo,"Forget Revlon -- Here's Another High-Risk, High-Reward Stock That Could Reap Real Returns",Motley Fool,2022-01-28 03:02:37.480031,Yahoo,"Share market bankrupt,car"
https://www.fool.com/investing/2023/04/21/tesla-stock-why-the-market-has-got-it-all-wrong/?source=eptyholnk0000202&utm_source=yahoo-host&utm_medium=feed&utm_campaign=article&yptr=yahoo,Tesla Stock: Why the Market Has Got It All Wrong,Motley Fool,2023-04-28 03:02:37.480031,Yahoo,"Share market bankrupt,car"
https://www.fool.com/investing/2022/12/02/why-carvana-plunged-43-in-november/?source=eptyholnk0000202&utm_source=yahoo-host&utm_medium=feed&utm_campaign=article&yptr=yahoo,Why Carvana Plunged 43% in November,Motley Fool,2023-01-28 03:02:37.480031,Yahoo,"Share market bankrupt,car"
https://www.fool.com/investing/2022/10/30/dow-jones-bear-market-the-smartest-investors-are-b/?source=eptyholnk0000202&utm_source=yahoo-host&utm_medium=feed&utm_campaign=article&yptr=yahoo,Dow Jones Bear Market: The Smartest Investors Are Buying These Beaten-Down Stocks,Motley Fool,2023-01-28 03:02:37.480031,Yahoo,"Share market bankrupt,car"
https://finance.yahoo.com/news/3-stocks-set-crash-used-194740957.html?fr=sycsrp_catchall,3 Stocks Set to Crash as Used Car Prices Plummet in 2023,InvestorPlace via Yahoo Finance,2023-01-28 03:02:37.480031,Yahoo,"Share market bankrupt,car"
https://finance.yahoo.com/news/stock-market-predictions-no-1-191652569.html?fr=sycsrp_catchall,Stock Market Predictions: My No. 1 Stock to Buy for 2023,InvestorPlace via Yahoo Finance,2023-01-28 03:02:37.480031,Yahoo,"Share market bankrupt,car"
https://www.yahoo.com/lifestyle/beyond-buybuy-baby-amazon-sellers-124628182.html?fr=sycsrp_catchall,Beyond BuyBuy Baby: How Amazon Sellers Can ‘Fill the Void’,Sourcing Journal via Yahoo News,2023-07-28 03:02:37.480031,Yahoo,"Share market bankrupt,car"
https://www.fool.com/investing/2022/06/30/should-you-invest-in-revlon-stock-right-now/?source=eptyholnk0000202&utm_source=yahoo-host&utm_medium=feed&utm_campaign=article&yptr=yahoo,Should You Invest in Revlon Stock Right Now?,Motley Fool,2022-01-28 03:02:37.495708,Yahoo,"Share market bankrupt,car"
https://finance.yahoo.com/news/meme-stocks-back-dead-093303541.html?fr=sycsrp_catchall,Meme stocks are back from the dead,The Economist via Yahoo Finance,2023-07-28 03:02:37.495708,Yahoo,"Share market bankrupt,car"
https://finance.yahoo.com/news/carvana-yahoo-finances-worst-company-of-the-year-140051155.html?fr=sycsrp_catchall,Carvana: Yahoo Finance's Worst Company of the Year,Yahoo Finance,2023-01-28 03:02:37.495708,Yahoo,"Share market bankrupt,car"
https://www.fool.com/investing/2022/06/25/dont-buy-revlon-heres-a-much-better-high-risk-high/?source=eptyholnk0000202&utm_source=yahoo-host&utm_medium=feed&utm_campaign=article&yptr=yahoo,"Forget Revlon -- Here's Another High-Risk, High-Reward Stock That Could Reap Real Returns",Motley Fool,2022-01-28 03:02:39.195589,Yahoo,"Share market bankrupt,car"
https://www.fool.com/investing/2022/12/02/why-carvana-plunged-43-in-november/?source=eptyholnk0000202&utm_source=yahoo-host&utm_medium=feed&utm_campaign=article&yptr=yahoo,Why Carvana Plunged 43% in November,Motley Fool,2023-01-28 03:02:39.195589,Yahoo,"Share market bankrupt,car"
https://finance.yahoo.com/news/stock-market-predictions-no-1-191652569.html?fr=sycsrp_catchall,Stock Market Predictions: My No. 1 Stock to Buy for 2023,InvestorPlace via Yahoo Finance,2023-01-28 03:02:39.195589,Yahoo,"Share market bankrupt,car"
https://www.fool.com/investing/2022/06/30/should-you-invest-in-revlon-stock-right-now/?source=eptyholnk0000202&utm_source=yahoo-host&utm_medium=feed&utm_campaign=article&yptr=yahoo,Should You Invest in Revlon Stock Right Now?,Motley Fool,2022-01-28 03:02:39.195589,Yahoo,"Share market bankrupt,car"
https://www.yahoo.com/lifestyle/beyond-buybuy-baby-amazon-sellers-124628182.html?fr=sycsrp_catchall,Beyond BuyBuy Baby: How Amazon Sellers Can ‘Fill the Void’,Sourcing Journal via Yahoo News,2023-07-28 03:02:39.195589,Yahoo,"Share market bankrupt,car"
https://finance.yahoo.com/news/meme-stocks-back-dead-093303541.html?fr=sycsrp_catchall,Meme stocks are back from the dead,The Economist via Yahoo Finance,2023-07-28 03:02:39.195589,Yahoo,"Share market bankrupt,car"
https://finance.yahoo.com/news/carvana-yahoo-finances-worst-company-of-the-year-140051155.html?fr=sycsrp_catchall,Carvana: Yahoo Finance's Worst Company of the Year,Yahoo Finance,2023-01-28 03:02:39.195589,Yahoo,"Share market bankrupt,car"
https://www.aol.com/elon-musk-predicted-ev-startups-132517087.html,Elon Musk predicted EV startups Lucid and Rivian would both go bankrupt—at least one of them seems...,Fortune via AOL,2023-10-28 03:02:39.195589,Yahoo,"Share market bankrupt,car"
https://finance.yahoo.com/news/carvana-stock-binary-bet-194800590.html?fr=sycsrp_catchall,Carvana Stock: A Binary Bet,TipRanks via Yahoo Finance,2023-02-28 03:02:39.195589,Yahoo,"Share market bankrupt,car"
https://finance.yahoo.com/news/simply-awful-business-e-scooter-110000550.html?fr=sycsrp_catchall,‘A simply awful business’: This e-scooter company went from $2B to bankrupt in two years — here are...,Moneywise via Yahoo Finance,2024-01-21 03:02:39.195589,Yahoo,"Share market bankrupt,car"
https://www.business-standard.com/industry/banking/loans-for-purchasing-cars-a-rising-trend-in-india-finds-jato-dynamics-124012401092_1.html,"Loans for purchasing cars a rising trend in India, finds Jato Dynamics",Business Standard,2024-01-25 03:02:40.195871,Bing,"Share market bankrupt,car"
https://m.economictimes.com/markets/stocks/stock-watch/share-market-update-most-active-stocks-of-the-day-in-terms-of-traded-value/articleshow/106765395.cms,Share market update: Most active stocks of the day in terms of traded value,Indiatimes,2024-01-13 03:02:40.195871,Bing,"Share market bankrupt,car"
https://www.indiainfoline.com/knowledge-center/share-market/what-is-a-share-certificate,What is a Share Certificate?,India Infoline,2023-01-28 03:02:40.195871,Bing,"Share market bankrupt,car"
https://www.indiainfoline.com/knowledge-center/share-market/preference-shares,Preference Shares,India Infoline,2024-09-27 00:00:00.000000,Bing,"Share market bankrupt,car"
https://www.indiainfoline.com/knowledge-center/share-market/the-basics-of-stock-market,The Basics of Stock Market,India Infoline,2021-01-28 03:02:40.195871,Bing,"Share market bankrupt,car"
https://www.indiainfoline.com/knowledge-center/share-market/ltp-in-share-market,LTP in Share Market,India Infoline,2022-01-28 03:02:40.195871,Bing,"Share market bankrupt,car"
https://www.indiainfoline.com/knowledge-center/share-market/what-are-stock-market-index-indices,What Are Stock Market Index/Indices?,India Infoline,2022-01-28 03:02:40.195871,Bing,"Share market bankrupt,car"
https://www.msn.com/en-us/autos/news/10-classic-muscle-cars-thatll-bankrupt-you-through-repairs-and-maintenance/ar-AA1b6OsN,10 Classic Muscle Cars That'll Bankrupt You Through Repairs And Maintenance,HotCars on MSN,2024-08-27 00:00:00.000000,Bing,"Share market bankrupt,car"
https://www.indiainfoline.com/knowledge-center/share-market/what-is-face-value-of-share-markets,What is Face Value in Share Markets?,India Infoline,2021-01-28 03:02:40.195871,Bing,"Share market bankrupt,car"
https://www.indiainfoline.com/knowledge-center/share-market/what-is-manipulation-in-the-stock-market,What is Manipulation in the stock market?,India Infoline,2023-01-28 03:02:40.195871,Bing,"Share market bankrupt,car"
https://auto.economictimes.indiatimes.com/tag/indian+car+market,INDIAN CAR MARKET,ET Auto,2018-01-28 03:02:41.163639,Bing,"Share market bankrupt,car"
https://www.indiainfoline.com/knowledge-center/share-market/the-five-biggest-stock-market-myths,The Five Biggest Stock Market Myths,India Infoline,2021-01-28 03:02:41.163639,Bing,"Share market bankrupt,car"
https://www.forbes.com/advisor/in/investing/why-tata-motors-share-falling/,Why Is Tata Motors Share Price Falling?,Forbes,2024-01-09 03:02:41.163639,Bing,"Share market bankrupt,car"
https://economictimes.indiatimes.com/markets/stocks/stock-watch/stock-market-update-nifty-realty-index-advances-0-67/articleshow/107145545.cms,Stock market update: Nifty Realty index advances 0.67%,Indiatimes,2024-01-26 03:02:41.163639,Bing,"Share market bankrupt,car"
https://www.indiainfoline.com/knowledge-center/share-market/share-market-investment-guide-for-beginners,Share Market Investment Guide for Beginners,India Infoline,2021-01-28 03:02:41.163639,Bing,"Share market bankrupt,car"
https://www.moneycontrol.com/news/market-outlook-12.html/,market outlook,moneycontrol.com,2024-01-26 03:02:41.163639,Bing,"Share market bankrupt,car"
https://www.indiainfoline.com/knowledge-center/share-market/top-five-share-market-tips,Top 5 Share Market Tips,India Infoline,2022-01-28 03:02:41.178664,Bing,"Share market bankrupt,car"
https://www.indiainfoline.com/knowledge-center/share-market/how-does-the-stock-market-works,How Does the Stock Market Work?,India Infoline,2021-01-28 03:02:41.179652,Bing,"Share market bankrupt,car"
https://www.msn.com/en-in/money/markets/share-market-live-gift-nifty-indicates-a-lacklustre-start-for-domestic-indices-bse-sensex-and-nse-nifty-50/ar-AA1mBuck,Share Market LIVE: GIFT Nifty indicates a lacklustre start for domestic indices BSE Sensex and NSE Nifty 50,MSN,2024-01-09 03:02:41.179652,Bing,"Share market bankrupt,car"
https://m.economictimes.com/markets/stocks/stock-watch/share-price-of-avenue-supermart-falls-as-nifty-weakens/articleshow/107073267.cms,Share price of Avenue Supermart falls as Nifty weakens,Indiatimes,2024-01-24 03:02:41.179652,Bing,"Share market bankrupt,car"
https://www.livemint.com/market/live-blog/indian-railway-finance-corporation-share-price-live-blog-for-25-jan-2024-11706150661604.html&sa=U&ved=2ahUKEwjZsLe4wv6DAxUwcmwGHdwvCpQQxfQBegQIABAC&usg=AOvVaw2YNSJQj2XBzKkm3gXlYe-H,"Indian Railway Finance Corporation share price Today Live Updates : Indian Railway Finance Corporation closed today at ₹173.94, up 1.21% from yesterday's ₹171.86 | Mint",Mint,2024-01-26 03:02:42.145514,google,"Share market today,IRFC share"
https://www.maharashtranama.com/money-control/railtel-share-price-nse-live-27-january-2024/&sa=U&ved=2ahUKEwjZsLe4wv6DAxUwcmwGHdwvCpQQxfQBegQIBBAC&usg=AOvVaw2SpZGtfftKeHZ9LDKEXONE,"RailTel Share Price | IRFC ते RVNL आणि RailTel शेअर्स तुफान तेजीत, कोणता रेल्वे शेअर अधिक फायद्याचा ठरेल?",MaharashtraNama,2024-01-27 18:02:42.145514,google,"Share market today,IRFC share"
https://m.economictimes.com/markets/stocks/news/irfc-bharti-airtel-among-6-largecap-stocks-that-outperformed-nifty50/beating-benchmarks/slideshow/107141674.cms&sa=U&ved=2ahUKEwjZsLe4wv6DAxUwcmwGHdwvCpQQxfQBegQIAxAC&usg=AOvVaw2e_BTNQunCvFsYbOwj0GA_,"IRFC, Bharti Airtel among 6 largecap stocks that outperformed Nifty50 - Beating Benchmarks",The Economic Times,2024-01-26 03:02:42.162273,google,"Share market today,IRFC share"
https://www.etnownews.com/web-stories/irfc-shares-in-mutual-fund-schemes-top-5-mfs-invested-in-multibagger-railway-stock/photostory/107169051.cms&sa=U&ved=2ahUKEwjZsLe4wv6DAxUwcmwGHdwvCpQQxfQBegQIBhAC&usg=AOvVaw2MzQYxy5Q2_NEo1kLnniYi,IRFC shares in mutual fund schemes: TOP 5 MFs invested in multibagger railway stock,etnownews.com,2024-01-27 03:02:42.162273,google,"Share market today,IRFC share"
https://mintgenie.livemint.com/news/markets/indian-railway-finance-corporation-share-price-live-blog-for-25-jan-2024-151706150497431&sa=U&ved=2ahUKEwjZsLe4wv6DAxUwcmwGHdwvCpQQxfQBegQIARAC&usg=AOvVaw1fU6i--MkoxgTmHzY9Fzri,Indian Railway Finance Corporation share price Today Live Updates : Indian,Mint Genie,2024-01-26 03:02:42.162273,google,"Share market today,IRFC share"
https://m.timesofindia.com/business/india-business/railway-stocks-tank-by-up-to-16-as-investors-book-profits-check-which-stocks-saw-biggest-decline/articleshow/107080424.cms&sa=U&ved=2ahUKEwjZsLe4wv6DAxUwcmwGHdwvCpQQxfQBegQIBRAC&usg=AOvVaw3D5j0A6g7NcltprydTvNJK,Railway stocks tank by up to 16% as investors book profits - check which stocks saw biggest decline,timesofindia,2024-01-24 03:02:42.162273,google,"Share market today,IRFC share"
https://m.economictimes.com/markets/stocks/news/technical-breakout-stocks-how-to-trade-irfc-macrotech-developers-and-firstsource-solutions-on-monday/articleshow/106818968.cms&sa=U&ved=2ahUKEwjZsLe4wv6DAxUwcmwGHdwvCpQQxfQBegQIBxAC&usg=AOvVaw26jb6daOtoGhQqebOu19WV,"Technical Breakout Stocks: How to trade IRFC, Macrotech Developers and Firstsource Solutions on Monday?",The Economic Times,2024-01-14 03:02:42.162273,google,"Share market today,IRFC share"
https://www.businesstoday.in/markets/stock-picks/story/ifci-irfc-zee-yes-bank-ireda-shares-rally-up-to-17-amid-high-volumes-hdfc-bank-leads-turnover-chart-414660-2024-01-24&sa=U&ved=2ahUKEwjZsLe4wv6DAxUwcmwGHdwvCpQQxfQBegQIAhAC&usg=AOvVaw2uFHyqZ6FQPl6Z-WEaigK6,"IFCI, IRFC, ZEE, YES Bank, IREDA shares rally up to 17% amid high volumes; HDFC Bank leads turnover chart",Business Today,2024-01-25 03:02:42.162273,google,"Share market today,IRFC share"
https://www.livemint.com/market/live-blog/indian-railway-finance-corporation-share-price-live-blog-for-25-jan-2024-11706150661604.html&sa=U&ved=2ahUKEwjg4fS4wv6DAxX4RmwGHUzQDt8QxfQBegQIARAC&usg=AOvVaw3PBwEIdGFUwReWQcfo-J9U,"Indian Railway Finance Corporation share price Today Live Updates : Indian Railway Finance Corporation closed today at ₹173.94, up 1.21% from yesterday's ₹171.86 | Mint",Mint,2024-01-26 03:02:43.189200,google,"Share market today,IRFC share"
https://www.maharashtranama.com/money-control/railtel-share-price-nse-live-27-january-2024/&sa=U&ved=2ahUKEwjg4fS4wv6DAxX4RmwGHUzQDt8QxfQBegQIBxAC&usg=AOvVaw3YSkBCkvh55AR5ENDpZbCe,"RailTel Share Price | IRFC ते RVNL आणि RailTel शेअर्स तुफान तेजीत, कोणता रेल्वे शेअर अधिक फायद्याचा ठरेल?",MaharashtraNama,2024-01-27 18:02:43.189200,google,"Share market today,IRFC share"
https://m.economictimes.com/markets/stocks/news/irfc-bharti-airtel-among-6-largecap-stocks-that-outperformed-nifty50/beating-benchmarks/slideshow/107141674.cms&sa=U&ved=2ahUKEwjg4fS4wv6DAxX4RmwGHUzQDt8QxfQBegQIAhAC&usg=AOvVaw3uq6sX60RjeCeKEp5oqep6,"IRFC, Bharti Airtel among 6 largecap stocks that outperformed Nifty50 - Beating Benchmarks",The Economic Times,2024-01-26 03:02:43.195363,google,"Share market today,IRFC share"
https://www.etnownews.com/web-stories/irfc-shares-in-mutual-fund-schemes-top-5-mfs-invested-in-multibagger-railway-stock/photostory/107169051.cms&sa=U&ved=2ahUKEwjg4fS4wv6DAxX4RmwGHUzQDt8QxfQBegQIBRAC&usg=AOvVaw0tUhwBmXlj_utNamknR-Oq,IRFC shares in mutual fund schemes: TOP 5 MFs invested in multibagger railway stock,etnownews.com,2024-01-27 03:02:43.195363,google,"Share market today,IRFC share"
https://mintgenie.livemint.com/news/markets/indian-railway-finance-corporation-share-price-live-blog-for-25-jan-2024-151706150497431&sa=U&ved=2ahUKEwjg4fS4wv6DAxX4RmwGHUzQDt8QxfQBegQIBBAC&usg=AOvVaw2hj38vc49F9sjBdDWyFx3S,Indian Railway Finance Corporation share price Today Live Updates : Indian,Mint Genie,2024-01-26 03:02:43.195363,google,"Share market today,IRFC share"
https://m.timesofindia.com/business/india-business/railway-stocks-tank-by-up-to-16-as-investors-book-profits-check-which-stocks-saw-biggest-decline/articleshow/107080424.cms&sa=U&ved=2ahUKEwjg4fS4wv6DAxX4RmwGHUzQDt8QxfQBegQIAxAC&usg=AOvVaw02084deouDhR4vtLlpktQ0,Railway stocks tank by up to 16% as investors book profits - check which stocks saw biggest decline,timesofindia,2024-01-24 03:02:43.195363,google,"Share market today,IRFC share"
https://m.economictimes.com/markets/stocks/news/technical-breakout-stocks-how-to-trade-irfc-macrotech-developers-and-firstsource-solutions-on-monday/articleshow/106818968.cms&sa=U&ved=2ahUKEwjg4fS4wv6DAxX4RmwGHUzQDt8QxfQBegQIABAC&usg=AOvVaw35XcOLGSahAI5Cp7FPdKIa,"Technical Breakout Stocks: How to trade IRFC, Macrotech Developers and Firstsource Solutions on Monday?",The Economic Times,2024-01-14 03:02:43.195363,google,"Share market today,IRFC share"
https://www.businesstoday.in/markets/stock-picks/story/ifci-irfc-zee-yes-bank-ireda-shares-rally-up-to-17-amid-high-volumes-hdfc-bank-leads-turnover-chart-414660-2024-01-24&sa=U&ved=2ahUKEwjg4fS4wv6DAxX4RmwGHUzQDt8QxfQBegQIBhAC&usg=AOvVaw1M-ZVNAJMuHx-NgInw-rSn,"IFCI, IRFC, ZEE, YES Bank, IREDA shares rally up to 17% amid high volumes; HDFC Bank leads turnover chart",Business Today,2024-01-25 03:02:43.195363,google,"Share market today,IRFC share"
https://www.livemint.com/market/stock-market-news/five-railway-stocks-including-irfc-rvnl-slide-up-to-14-amid-profit-booking-11705998871779.html,"Five railway stocks including IRFC, RVNL slide up to 14% amid profit booking",Mint,2024-01-25 03:02:47.779654,Bing,"Share market today,IRFC share"
https://www.msn.com/en-in/money/topstories/irfc-shares-up-21-in-two-days-as-stock-hits-fresh-one-year-high-is-more-steam-left/ar-BB1gZban,IRFC shares up 21% in two days as stock hits fresh one-year high; is more steam left?,Business Today on MSN,2024-01-22 03:02:47.779654,Bing,"Share market today,IRFC share"
https://www.businesstoday.in/stocks/indian-railway-finance-corporation-ltd-irfc-share-price-364115,Indian Railway Finance Corporation Ltd (IRFC) Share Price,Business Today,2024-01-24 03:02:47.779654,Bing,"Share market today,IRFC share"
https://www.cnbctv18.com/market/irfc-rvnl-ircon-irctc-share-price-profit-booking-record-rally-75-percent-in-january-18867981.htm,"IRFC, RVNL and other railway stocks see profit booking after record rally",cnbctv18,2024-01-25 03:02:47.779654,Bing,"Share market today,IRFC share"
https://www.livemint.com/market/live-blog/indian-railway-finance-corporation-share-price-live-blog-for-22-jan-2024-11705891366106.html,Indian Railway Finance Corporation share price Today Live Updates : Indian Railway Finance Corporation sees stock gains,Mint,2024-01-23 03:02:47.779654,Bing,"Share market today,IRFC share"
https://www.zeebiz.com/market-news/video-gallery-psu-stocks-surge-ahead-of-budget-irfc-rvnl-mazagon-dock-hit-new-highs-stock-market-news-272340,"PSU Stocks Surge Ahead of Budget: IRFC, RVNL, Mazagon Dock Hit New Highs | Stock Market News",Zee Business,2024-01-17 03:02:47.779654,Bing,"Share market today,IRFC share"
https://www.psuconnect.in/news/irfc-share-prices-hit-high-over-9-percent-crossing-52-week-high/40835,IRFC share prices hit high over 9% crossing 52-week high,psuconnect,2024-01-17 03:02:47.779654,Bing,"Share market today,IRFC share"
https://www.financialexpress.com/market/share-market-today-live-updates-sensex-nifty-rupee-vs-dollar-share-market-live-sensex-nifty-may-open-positive-gift-nifty-up-asian-markets-trade-mixed-january-12-2024-friday-3362518/,"Share Market Highlight: Markets close higher! Nifty closes over 21,950, Sensex above 72,550; IT and PSU Bank stocks gain",The Financial Express,2024-01-13 03:02:47.779654,Bing,"Share market today,IRFC share"
https://m.economictimes.com/markets/stocks/news/railway-stocks-rally-up-to-12-multibaggers-irfc-rvnl-top-gainers/articleshow/106888810.cms,"Railway stocks rally up to 12%; multibaggers IRFC, RVNL top gainers",Indiatimes,2024-01-17 03:02:48.778722,Bing,"Share market today,IRFC share"
https://www.goodreturns.in/news/irfc-railway-stock-rises-47-in-6-days-up-490-since-listing-eyes-rs-150-when-will-irfc-hit-rs-1000-tp-1324489.html,"IRFC's Engines Soar To Moon: Railway Stock Gains 47% In 6 Days, Eyes Rs 150; When To Expect Rs 1000 TP?",Goodreturns,2024-01-18 03:02:48.778722,Bing,"Share market today,IRFC share"
https://www.msn.com/en-in/money/topstories/irfc-shares-jump-6-to-hit-one-year-high-time-to-book-profit-or-more-upside-possible/ar-AA1mN72D,IRFC shares jump 6% to hit one-year high; time to book profit or more upside possible?,Business Today on MSN,2024-01-12 03:02:48.778722,Bing,"Share market today,IRFC share"
https://www.cnbctv18.com/market/irfc-rvnl-ircon-railtel-share-price-railway-capex-record-high-january-rise-18851441.htm,"IRFC, RVNL and other railway stocks continue record run, up between 50-70% in January",cnbctv18,2024-01-21 03:02:48.778722,Bing,"Share market today,IRFC share"
https://www.msn.com/en-in/money/topstories/irfc-shares-rally-19-to-hit-fresh-one-year-high-analysts-see-more-upside/ar-AA1mZlj7,IRFC shares rally 19% to hit fresh one-year high; analysts see more upside,Business Today on MSN,2024-01-16 03:02:48.778722,Bing,"Share market today,IRFC share"
https://www.cnbctv18.com/market/irfc-share-price-record-high-more-valuable-than-mm-bajaj-drl-sbi-life-nifty-50-stocks-18842461.htm,"IRFC is now more valuable than M&M, Bajaj Auto and 19 other Nifty 50 stocks",cnbctv18,2024-01-20 03:02:48.778722,Bing,"Share market today,IRFC share"
https://economictimes.indiatimes.com/markets/stocks/stock-watch/share-market-update-most-active-stocks-in-todays-market-in-terms-of-volume/articleshow/107084953.cms,Share market update: Most active stocks in today's market in terms of volume,Indiatimes,2024-01-24 03:02:48.778722,Bing,"Share market today,IRFC share"
https://www.business-standard.com/markets/news/railway-related-stocks-rally-up-to-18-irfc-m-cap-crosses-rs-2-trillion-124011900247_1.html,Railway-related stocks rally up to 18%; IRFC m-cap crosses Rs 2 trillion,Business Standard,2024-01-20 03:02:48.778722,Bing,"Share market today,IRFC share"
https://www.msn.com/en-in/money/topstories/sensex-nifty-jump-in-opening-trade-borosil-renewables-jump-18-zee-tanks-10/ar-BB1h6uKk,"Sensex, Nifty jump in opening trade; Borosil Renewables jump 18%; Zee tanks 10%",Business Today on MSN,2024-01-24 03:02:48.778722,Bing,"Share market today,IRFC share"
https://www.livemint.com/market/stock-market-news/hul-share-price-slumps-to-18-month-low-down-4-buy-sell-or-hold-11706004405494.html,"HUL share price slumps to 18-month low, down 4%; buy, sell or hold?",Mint,2024-01-25 03:02:48.793767,Bing,"Share market today,IRFC share"
